id,subject,content,hs_ticket_priority,hs_pipeline_stage,hs_ticket_category,hubspot_owner_id,createdate,hs_lastmodifieddate,closed_date,source_type
261046097112,#0003 - Assistance demandée - Indonesie,Je suis Sari Wijaya (sari.wijaya@indonesiafinance.co.id) - Tél: +622345678901 de Indonesie. Problème urgent à traiter.,MEDIUM,4,,,2025-09-14T06:50:43.174Z,2025-10-27T06:50:46.985Z,2025-09-18T06:50:43.174Z,EMAIL
261053302995,#0026 - Question facturation - budi.santoso@indonesiatech.co.id,Question de Budi Santoso (budi.santoso@indonesiatech.co.id) de Indonesie. Renseignement demandé.,HIGH,4,,,2025-08-11T06:39:57.083Z,2025-10-27T06:40:00.060Z,2025-08-19T06:39:57.083Z,EMAIL
261053302997,#0045 - Question de Yousef Al-Remeithi sur le service,Message de Yousef Al-Remeithi (yousef.alremeithi@dubaitech.ae) de UAE. Question technique à résoudre.,HIGH,4,,,2025-05-11T06:40:23.483Z,2025-10-27T06:40:26.706Z,2025-05-13T06:40:23.483Z,FORM
261053303005,#0062 - Support UAE - Fatima Al-Kaabi,Demande de support de Fatima Al-Kaabi de UAE. Problème urgent à traiter.,HIGH,4,,,2025-01-20T07:40:46.979Z,2025-10-27T06:40:50.516Z,2025-02-02T07:40:46.979Z,PHONE
261053303007,#0068 - Support Senegal - Aminata Ndiaye,"Bonjour, je suis Aminata Ndiaye de Senegal. J'ai besoin d'assistance concernant mon compte.",HIGH,4,,,2025-08-09T06:40:54.929Z,2025-10-27T06:40:59.244Z,2025-08-24T06:40:54.929Z,CHAT
261053304057,#0034 - Bug application - Mexique,Je suis Maria Gonzalez (maria.gonzalez@mexicohealth.com.mx) - Tél: +522345678901 de Mexique. Question technique à résoudre.,HIGH,4,,,2025-07-03T06:51:26.156Z,2025-10-27T06:51:30.919Z,2025-07-04T06:51:26.156Z,FORM
261053305019,#0038 - Assistance demandée - Chili,"Bonjour, Je suis Marcelo Gonzalez (marcelo.gonzalez@santiagotech.cl) - Tél: +56345678901 de Chili. J'ai besoin d'assistance concernant mon compte.",HIGH,4,,,2025-07-12T06:51:31.644Z,2025-10-27T06:51:35.181Z,2025-08-08T06:51:31.644Z,PHONE
261060201709,#005 - Bug application,Problème urgent affectant mon activité professionnelle.,LOW,4,,,2025-08-25T15:10:46.351Z,2025-10-25T15:10:50.182Z,2025-08-27T15:10:46.351Z,FORM
261078484162,#0023 - Question de Ahmad Ibrahim sur le service,Demande de support de Ahmad Ibrahim de Malaise. Problème urgent à traiter.,HIGH,4,,,2025-01-03T07:39:52.820Z,2025-10-27T06:39:56.765Z,2025-01-18T07:39:52.820Z,PHONE
261078485209,#0001 - Problème technique,Demande de support de Pakistan. Je suis Zainab Ali (zainab.ali@islamabadtech.pk) - Tél: +924567890123.,HIGH,3,,,2025-05-29T06:50:40.403Z,2025-10-27T06:50:44.657Z,,FORM
261078485223,#0048 - Question facturation - Ghana,"Bonjour, Je suis Akosua Mensah (akosua.mensah@ghanafinance.com.gh) - Tél: +233234567890 de Ghana. J'ai besoin d'assistance concernant mon compte.",MEDIUM,4,,,2025-09-04T06:51:45.510Z,2025-10-27T06:51:48.784Z,2025-10-02T06:51:45.510Z,EMAIL
261078485224,#0053 - Assistance demandée - Pakistan,Message de Pakistan. Je suis Ali Khan (ali.khan@pakistantech.pk) - Tél: +921234567890. Assistance nécessaire.,LOW,4,,,2025-10-23T06:51:52.024Z,2025-10-27T06:51:55.847Z,2025-11-16T07:51:52.024Z,CHAT
261091079386,#0005 - Demande de Khalid Al-Madani - KSA,"Bonjour, je suis Khalid Al-Madani de KSA. J'ai besoin d'assistance concernant mon compte.",HIGH,4,,,2025-07-01T06:39:27.216Z,2025-10-27T06:39:30.900Z,2025-07-09T06:39:27.216Z,EMAIL
261091079397,#0069 - Support technique pour Emma Jones,"Bonjour, je suis Emma Jones de UK. J'ai besoin d'assistance concernant mon compte.",MEDIUM,4,,,2025-08-29T06:40:56.327Z,2025-10-27T06:40:59.094Z,2025-09-25T06:40:56.327Z,PHONE
261091082453,#0017 - Incident signalé - Urgent,Message de UAE. Je suis Latifa Al-Mazrouei (latifa.almazrouei@abudhabifinance.ae) - Tél: +971456789012. Assistance nécessaire.,MEDIUM,4,,,2025-09-09T06:51:02.933Z,2025-10-27T06:51:07.247Z,2025-10-04T06:51:02.933Z,FORM
261092919512,#0008 - Incident signalé par Fatimah Bolkiah,Question de Fatimah Bolkiah (fatimah.bolkiah@bruneimanufacturing.bn) de Brunei. Renseignement demandé.,MEDIUM,4,,,2025-09-22T06:39:31.377Z,2025-10-27T06:39:35.497Z,2025-10-06T06:39:31.377Z,FORM
261092919521,#0077 - Support technique pour Thomas Brown,Question de Thomas Brown (thomas.brown@ukmanufacturing.co.uk) de UK. Renseignement demandé.,HIGH,4,,,2025-02-13T07:41:07.296Z,2025-10-27T06:41:11.606Z,2025-03-03T07:41:07.296Z,EMAIL
261092921531,#0047 - Support - Norvege,Je suis Lars Johansen (lars.johansen@norwaytech.no) - Tél: +4712345678 de Norvege. Problème urgent à traiter.,MEDIUM,3,,,2025-09-05T06:51:44.196Z,2025-10-27T06:51:47.845Z,,PHONE
261112683739,#0019 - Question facturation - sarah.chen@californiafinance.com,Message de Sarah Chen (sarah.chen@californiafinance.com) de USA. Question technique à résoudre.,LOW,4,,,2025-09-27T06:39:47.210Z,2025-10-27T06:39:51.023Z,2025-10-24T06:39:47.210Z,PHONE
261112683750,#0079 - Problème compte - jennifer.wilson@americanfinance.com,Jennifer Wilson de USA signale un problème avec le service. Assistance nécessaire.,HIGH,4,,,2025-08-21T06:41:10.084Z,2025-10-27T06:41:14.367Z,2025-09-14T06:41:10.084Z,PHONE
261231532225,#0002 - Question de Ibrahima Diallo sur le service,Message de Ibrahima Diallo (ibrahima.diallo@dakartech.sn) de Senegal. Question technique à résoudre.,HIGH,4,,,2025-05-21T06:39:22.625Z,2025-10-27T06:39:27.061Z,2025-06-01T06:39:22.625Z,PHONE
261231532233,#0057 - Question facturation - marie.bernard@digitalfuture.com,"Bonjour, je suis Marie Bernard de France. J'ai besoin d'assistance concernant mon compte.",HIGH,4,,,2024-10-30T06:40:40.144Z,2025-10-27T06:40:44.324Z,2024-11-26T07:40:40.144Z,FORM
261231533287,#0042 - Support - UAE,Message de UAE. Je suis Ahmed Al-Emadi (ahmed.alemadi@uaetechnologies.ae) - Tél: +971123456789. Assistance nécessaire.,HIGH,4,,,2025-06-26T06:51:36.888Z,2025-10-27T06:51:40.339Z,2025-07-10T06:51:36.888Z,FORM
261231533293,#0068 - Question compte - Senegal,"Bonjour, Je suis Aminata Ndiaye (aminata.ndiaye@senegalhealth.sn) - Tél: +221234567890 de Senegal. J'ai besoin d'assistance concernant mon compte.",HIGH,4,,,2025-06-16T06:52:11.737Z,2025-10-27T06:52:15.089Z,2025-06-26T06:52:11.737Z,FORM
261231533295,#0073 - Problème technique,Demande de support de KSA. Je suis Nora Al-Mogren (nora.almogren@ksahealth.sa) - Tél: +966456789012.,LOW,4,,,2025-10-04T06:52:18.159Z,2025-10-27T06:52:22.545Z,2025-10-25T06:52:18.159Z,EMAIL
261233320138,#0073 - Demande de Nora Al-Mogren - KSA,Demande de support de Nora Al-Mogren de KSA. Problème urgent à traiter.,HIGH,2,,,2025-03-04T07:41:01.802Z,2025-10-27T06:41:05.397Z,,EMAIL
261233321196,#0009 - Question compte - Bresil,Message de Bresil. Je suis Pedro Oliveira (pedro.oliveira@riotech.com.br) - Tél: +553456789012. Assistance nécessaire.,HIGH,4,,,2025-07-29T06:50:51.239Z,2025-10-27T06:50:54.669Z,2025-08-26T06:50:51.239Z,PHONE
261233321208,#0075 - Bug application - Mexique,Demande de support de Mexique. Je suis Elena Rodriguez (elena.rodriguez@mexicocityfinance.com.mx) - Tél: +524567890123.,MEDIUM,1,,,2025-09-11T06:52:20.660Z,2025-10-27T06:52:23.881Z,,FORM
261245926638,#0006 - Support Chili - Isabella Martinez,"Bonjour, je suis Isabella Martinez de Chili. J'ai besoin d'assistance concernant mon compte.",HIGH,4,,,2025-03-04T07:39:28.566Z,2025-10-27T06:39:31.870Z,2025-03-21T07:39:28.566Z,FORM
261245926644,#0051 - Demande de Ali Mohammed - Zanzibar,"Bonjour, je suis Ali Mohammed de Zanzibar. J'ai besoin d'assistance concernant mon compte.",HIGH,2,,,2025-08-18T06:40:31.825Z,2025-10-27T06:40:35.489Z,,EMAIL
261245928640,#0029 - Support - Qatar,Je suis Mariam Al-Khalifa (mariam.alkhalifa@dohatechnologies.qa) - Tél: +97445678901 de Qatar. Question technique à résoudre.,LOW,4,,,2025-10-01T06:51:19.089Z,2025-10-27T06:51:23.824Z,2025-10-15T06:51:19.089Z,FORM
261247439088,#001 - Configuration produit,Problème de performance de l'application.,MEDIUM,4,,,2025-08-12T15:10:40.265Z,2025-10-25T15:10:44.559Z,2025-08-14T15:10:40.265Z,FORM
261247731950,#0049 - Question facturation - catalina.lopez@chiliretail.cl,"Bonjour, je suis Catalina Lopez de Chili. J'ai besoin d'assistance concernant mon compte.",HIGH,4,,,2025-05-27T06:40:28.803Z,2025-10-27T06:40:33.204Z,2025-06-06T06:40:28.803Z,FORM
261247731951,#0065 - Incident signalé par Juan Lopez,Question de Juan Lopez (juan.lopez@panamatech.com.pa) de Panama. Renseignement demandé.,HIGH,4,,,2024-12-17T07:40:50.968Z,2025-10-27T06:40:54.335Z,2025-01-06T07:40:50.968Z,FORM
261247732979,#0013 - Support - Qatar,"Bonjour, Je suis Fatima Al-Mansouri (fatima.almansouri@qatarifinance.qa) - Tél: +97423456789 de Qatar. J'ai besoin d'assistance concernant mon compte.",MEDIUM,4,,,2025-08-28T06:50:57.369Z,2025-10-27T06:51:02.136Z,2025-09-03T06:50:57.369Z,PHONE
261247733946,#0062 - Incident signalé,Je suis Fatima Al-Kaabi (fatima.alkaabi@emiratesfinance.ae) - Tél: +971234567890 de UAE. Problème urgent à traiter.,HIGH,4,,,2025-05-29T06:52:03.508Z,2025-10-27T06:52:06.862Z,2025-06-02T06:52:03.508Z,PHONE
261285555434,#0022 - Assistance demandée par Sophie Pedersen,Demande de support de Sophie Pedersen de Norvege. Problème urgent à traiter.,HIGH,4,,,2024-11-20T07:39:51.414Z,2025-10-27T06:39:54.511Z,2024-12-02T07:39:51.414Z,FORM
261285555437,#0060 - Demande de Mohammed Al-Thani - Qatar,Demande de support de Mohammed Al-Thani de Qatar. Problème urgent à traiter.,HIGH,4,,,2025-03-11T07:40:44.302Z,2025-10-27T06:40:48.334Z,2025-03-21T07:40:44.302Z,FORM
261285555439,#0067 - Question facturation - james.smith@globaltech.co.uk,Question de James Smith (james.smith@globaltech.co.uk) de UK. Renseignement demandé.,HIGH,4,,,2025-01-15T07:40:53.639Z,2025-10-27T06:40:56.844Z,2025-01-16T07:40:53.639Z,EMAIL
261285556467,#0006 - Problème technique,Je suis Isabella Martinez (isabella.martinez@chilifinance.cl) - Tél: +56234567890 de Chili. Question technique à résoudre.,MEDIUM,4,,,2025-09-23T06:50:47.238Z,2025-10-27T06:50:51.501Z,2025-10-19T06:50:47.238Z,FORM
261285556471,#0014 - Support - Bresil - Urgent,"Bonjour, Je suis Maria Oliveira (maria.oliveira@financebrasil.br) - Tél: +552234567890 de Bresil. J'ai besoin d'assistance concernant mon compte.",HIGH,4,,,2025-07-05T06:50:58.833Z,2025-10-27T06:51:02.237Z,2025-07-17T06:50:58.833Z,PHONE
261285556473,#0022 - Question facturation - Norvege,Je suis Sophie Pedersen (sophie.pedersen@bergenfinance.no) - Tél: +4745678901 de Norvege. Question technique à résoudre.,HIGH,4,,,2025-06-27T06:51:09.835Z,2025-10-27T06:51:14.163Z,2025-07-25T06:51:09.835Z,CHAT
261285557436,#0030 - Support - Brunei,Message de Brunei. Je suis Hassanal Bolkiah (hassanal.bolkiah@bruneitech.bn) - Tél: +6731234567. Assistance nécessaire.,HIGH,4,,,2025-05-18T06:51:20.437Z,2025-10-27T06:51:23.707Z,2025-06-05T06:51:20.437Z,PHONE
261285557442,#0074 - Demande renseignement,Je suis Fahad Al-Sudairi (fahad.alsudairi@riyadhtech.sa) - Tél: +966345678901 de KSA. Problème urgent à traiter.,MEDIUM,4,,,2025-09-26T06:52:19.423Z,2025-10-27T06:52:22.594Z,2025-10-05T06:52:19.423Z,FORM
261287345396,#0042 - Problème compte - ahmed.alemadi@uaetechnologies.ae,Message de Ahmed Al-Emadi (ahmed.alemadi@uaetechnologies.ae) de UAE. Question technique à résoudre.,HIGH,4,,,2025-04-03T07:40:19.509Z,2025-10-27T06:40:22.347Z,2025-04-29T06:40:19.509Z,FORM
261287345397,#0044 - Support technique pour Sophie Moreau,Question de Sophie Moreau (sophie.moreau@paristechnologies.fr) de France. Renseignement demandé.,HIGH,1,,,2025-01-09T07:40:22.177Z,2025-10-27T06:40:25.665Z,,FORM
261287345401,#0064 - Problème compte - fatma.hassan@egyptfinance.eg,Fatma Hassan de Egypt signale un problème avec le service. Assistance nécessaire.,HIGH,4,,,2025-04-06T07:40:49.622Z,2025-10-27T06:40:53.295Z,2025-04-09T07:40:49.622Z,PHONE
261287347393,#0025 - Assistance demandée - Mexique,"Bonjour, Je suis Carlos Rodriguez (carlos.rodriguez@mexicotech.com.mx) - Tél: +521234567890 de Mexique. J'ai besoin d'assistance concernant mon compte.",HIGH,3,,,2025-09-01T06:51:13.771Z,2025-10-27T06:51:18.031Z,,EMAIL
261287347394,#0028 - Problème technique - Urgent,Demande de support de France. Je suis Pierre Martin (pierre.martin@innovationsysteme.fr) - Tél: +33612345678.,HIGH,4,,,2025-08-06T06:51:17.763Z,2025-10-27T06:51:22.225Z,2025-09-03T06:51:17.763Z,CHAT
261287347395,#0037 - Problème technique,Demande de support de Pakistan. Je suis Omar Khan (omar.khan@pakistanmanufacturing.pk) - Tél: +923456789012.,HIGH,3,,,2025-05-17T06:51:30.379Z,2025-10-27T06:51:34.217Z,,EMAIL
261287347399,#0069 - Demande renseignement,Message de UK. Je suis Emma Jones (emma.jones@advancedhealth.co.uk) - Tél: +442345678901. Assistance nécessaire.,HIGH,4,,,2025-05-13T06:52:13.072Z,2025-10-27T06:52:16.260Z,2025-05-19T06:52:13.072Z,PHONE
261677054154,#002 - Erreur paiement,"Bonjour, je rencontre un problème technique nécessitant votre assistance.",LOW,3,,,2025-08-13T15:10:41.838Z,2025-10-25T15:10:46.351Z,,EMAIL
261677341896,#0011 - Support - Panama - Urgent,Je suis Carmen Rios (carmen.rios@panamalogistics.com.pa) - Tél: +50723456789 de Panama. Problème urgent à traiter.,HIGH,1,,,2025-10-13T06:50:53.936Z,2025-10-27T06:50:58.623Z,,FORM
261677341901,#0036 - Assistance demandée - Malaise,"Bonjour, Je suis Mohd Ismail (mohd.ismail@kualalumpurtech.my) - Tél: +60334567890 de Malaise. J'ai besoin d'assistance concernant mon compte.",HIGH,1,,,2025-05-15T06:51:29.084Z,2025-10-27T06:51:32.035Z,,PHONE
261677341902,#0041 - Problème technique,Je suis Kwame Boateng (kwame.boateng@ghanatech.com.gh) - Tél: +233123456789 de Ghana. Problème urgent à traiter.,HIGH,2,,,2025-05-24T06:51:35.608Z,2025-10-27T06:51:38.994Z,,PHONE
261677341905,#0059 - Support - Zanzibar - Urgent,Je suis Fatuma Omar (fatuma.omar@zanzibarfisheries.co.tz) - Tél: +255234567890 de Zanzibar. Question technique à résoudre.,MEDIUM,4,,,2025-09-11T06:51:59.626Z,2025-10-27T06:52:03.362Z,2025-10-09T06:51:59.626Z,CHAT
261800671441,#0018 - Demande de Ana Costa - Bresil,Question de Ana Costa (ana.costa@saopaulofinance.com.br) de Bresil. Renseignement demandé.,HIGH,2,,,2024-11-08T07:39:45.642Z,2025-10-27T06:39:48.969Z,,FORM
261800673467,#0078 - Assistance demandée - Ghana,"Bonjour, Je suis Aba Mensah (aba.mensah@kumasifinance.com.gh) - Tél: +233456789012 de Ghana. J'ai besoin d'assistance concernant mon compte.",HIGH,4,,,2025-07-11T06:52:24.659Z,2025-10-27T06:52:28.120Z,2025-07-19T06:52:24.659Z,FORM
262098387149,#004 - Question facturation,Demande de fonctionnalité pour améliorer mon workflow.,MEDIUM,4,,,2025-09-03T15:10:44.861Z,2025-10-25T15:10:48.396Z,2025-09-17T15:10:44.861Z,FORM
262207966412,#0026 - Problème technique,Je suis Budi Santoso (budi.santoso@indonesiatech.co.id) - Tél: +621234567890 de Indonesie. Problème urgent à traiter.,HIGH,2,,,2025-07-17T06:51:15.117Z,2025-10-27T06:51:19.247Z,,PHONE
262207966416,#0046 - Question compte - USA,Je suis John Smith (john.smith@usatech.com) - Tél: +12025551234 de USA. Problème urgent à traiter.,HIGH,4,,,2025-06-16T06:51:42.719Z,2025-10-27T06:51:45.909Z,2025-06-30T06:51:42.719Z,CHAT
262207966418,#0066 - Question facturation - Algerie,Demande de support de Algerie. Je suis Nadia Touati (nadia.touati@algeriaeducation.dz) - Tél: +213456789012.,LOW,1,,,2025-10-02T06:52:08.979Z,2025-10-27T06:52:13.198Z,,CHAT
262213984452,#003 - Question facturation,Problème de performance de l'application.,LOW,4,,,2025-08-21T15:10:43.351Z,2025-10-25T15:10:47.502Z,2025-08-24T15:10:43.351Z,CHAT
263767531765,#0017 - Support technique pour Latifa Al-Mazrouei,Latifa Al-Mazrouei de UAE signale un problème avec le service. Assistance nécessaire.,HIGH,2,,,2025-04-26T06:39:44.200Z,2025-10-27T06:39:47.915Z,,FORM
263767531767,#0033 - Demande de Mohamed Djamel - Algerie,Mohamed Djamel de Algerie signale un problème avec le service. Assistance nécessaire.,HIGH,4,,,2025-04-24T07:40:06.722Z,2025-10-27T06:40:09.955Z,2025-05-15T06:40:06.722Z,CHAT
263767532731,#0078 - Incident signalé par Aba Mensah,Message de Aba Mensah (aba.mensah@kumasifinance.com.gh) de Ghana. Question technique à résoudre.,HIGH,3,,,2024-11-19T07:41:08.676Z,2025-10-27T06:41:12.294Z,,PHONE
263789146320,#0015 - Assistance demandée par Isabel Garcia,"Bonjour, je suis Isabel Garcia de Panama. J'ai besoin d'assistance concernant mon compte.",HIGH,3,,,2025-02-21T07:39:41.339Z,2025-10-27T06:39:44.995Z,,PHONE
263794551005,#0036 - Problème compte - mohd.ismail@kualalumpurtech.my,"Bonjour, je suis Mohd Ismail de Malaise. J'ai besoin d'assistance concernant mon compte.",HIGH,2,,,2025-04-09T07:40:11.181Z,2025-10-27T06:40:14.018Z,,EMAIL
263846590693,#0058 - Demande de Jose Garcia - Mexique,Jose Garcia de Mexique signale un problème avec le service. Assistance nécessaire.,HIGH,4,,,2024-12-22T07:40:41.636Z,2025-10-27T06:40:44.915Z,2024-12-31T07:40:41.636Z,EMAIL
263846591736,#0039 - Problème technique,Je suis Papa Diop (papa.diop@senegaltech.sn) - Tél: +221123456789 de Senegal. Problème urgent à traiter.,HIGH,4,,,2025-06-04T06:51:32.902Z,2025-10-27T06:51:36.485Z,2025-06-17T06:51:32.902Z,PHONE
263846592703,#0067 - Assistance demandée - UK,Message de UK. Je suis James Smith (james.smith@globaltech.co.uk) - Tél: +441234567890. Assistance nécessaire.,HIGH,2,,,2025-06-09T06:52:10.310Z,2025-10-27T06:52:14.234Z,,CHAT
263900523743,#0037 - Support Pakistan - Omar Khan,Demande de support de Omar Khan de Pakistan. Problème urgent à traiter.,HIGH,4,,,2024-12-26T07:40:12.754Z,2025-10-27T06:40:16.233Z,2025-01-24T07:40:12.754Z,EMAIL
263950790843,#0011 - Question de Carmen Rios sur le service,"Bonjour, je suis Carmen Rios de Panama. J'ai besoin d'assistance concernant mon compte.",HIGH,3,,,2025-01-19T07:39:35.576Z,2025-10-27T06:39:38.648Z,,FORM
263950790846,#0029 - Question facturation - mariam.alkhalifa@dohatechnologies.qa,"Bonjour, je suis Mariam Al-Khalifa de Qatar. J'ai besoin d'assistance concernant mon compte.",HIGH,1,,,2024-12-21T07:40:01.146Z,2025-10-27T06:40:04.414Z,,FORM
263950790852,#0048 - Support Ghana - Akosua Mensah,"Bonjour, je suis Akosua Mensah de Ghana. J'ai besoin d'assistance concernant mon compte.",HIGH,1,,,2025-06-03T06:40:27.519Z,2025-10-27T06:40:30.775Z,,PHONE
263950790857,#0059 - Question facturation - fatuma.omar@zanzibarfisheries.co.tz,Fatuma Omar de Zanzibar signale un problème avec le service. Assistance nécessaire.,MEDIUM,4,,,2025-09-22T06:40:42.977Z,2025-10-27T06:40:45.954Z,2025-10-11T06:40:42.977Z,PHONE
263950791887,#0019 - Support - USA,"Bonjour, Je suis Sarah Chen (sarah.chen@californiafinance.com) - Tél: +13105556789 de USA. J'ai besoin d'assistance concernant mon compte.",HIGH,3,,,2025-06-23T06:51:05.833Z,2025-10-27T06:51:10.703Z,,PHONE
263950791888,#0021 - Assistance demandée - Malaise,Je suis Siti Ahmad (siti.ahmad@malaysiaretail.my) - Tél: +60345678901 de Malaise. Question technique à résoudre.,HIGH,4,,,2025-07-22T06:51:08.500Z,2025-10-27T06:51:12.865Z,2025-08-21T06:51:08.500Z,EMAIL
263950791895,#0044 - Question compte - France,Je suis Sophie Moreau (sophie.moreau@paristechnologies.fr) - Tél: +33645678901 de France. Question technique à résoudre.,HIGH,1,,,2025-07-07T06:51:39.890Z,2025-10-27T06:51:43.552Z,,CHAT
263954388190,#0003 - Incident signalé par Sari Wijaya,Sari Wijaya de Indonesie signale un problème avec le service. Assistance nécessaire.,HIGH,4,,,2025-08-30T06:39:24.339Z,2025-10-27T06:39:28.025Z,2025-09-08T06:39:24.339Z,PHONE
263954389233,#0008 - Question compte - Brunei,Je suis Fatimah Bolkiah (fatimah.bolkiah@bruneimanufacturing.bn) - Tél: +6734567890 de Brunei. Question technique à résoudre.,HIGH,4,,,2025-08-26T06:50:49.937Z,2025-10-27T06:50:53.524Z,2025-09-03T06:50:49.937Z,PHONE
263954389239,#0043 - Question compte - Egypt,Message de Egypt. Je suis Mohamed El-Sayed (mohamed.elsayed@egypttech.eg) - Tél: +201234567890. Assistance nécessaire.,LOW,4,,,2025-10-22T06:51:38.374Z,2025-10-27T06:51:42.517Z,2025-10-30T06:51:38.374Z,CHAT
263954389241,#0063 - Assistance demandée - Indonesie,"Bonjour, Je suis Agus Santoso (agus.santoso@jakartatech.co.id) - Tél: +623456789012 de Indonesie. J'ai besoin d'assistance concernant mon compte.",HIGH,4,,,2025-09-04T06:52:04.965Z,2025-10-27T06:52:08.247Z,2025-09-07T06:52:04.965Z,PHONE
264262796519,#0041 - Demande de Kwame Boateng - Ghana,Demande de support de Kwame Boateng de Ghana. Problème urgent à traiter.,HIGH,4,,,2025-06-28T06:40:18.203Z,2025-10-27T06:40:21.213Z,2025-07-09T06:40:18.203Z,PHONE
264262796520,#0043 - Support Egypt - Mohamed El-Sayed,Question de Mohamed El-Sayed (mohamed.elsayed@egypttech.eg) de Egypt. Renseignement demandé.,HIGH,4,,,2025-06-08T06:40:20.833Z,2025-10-27T06:40:24.478Z,2025-06-13T06:40:20.833Z,PHONE
264262796521,#0047 - Incident signalé par Lars Johansen,"Bonjour, je suis Lars Johansen de Norvege. J'ai besoin d'assistance concernant mon compte.",HIGH,4,,,2025-07-05T06:40:26.221Z,2025-10-27T06:40:29.578Z,2025-07-23T06:40:26.221Z,CHAT
264277202164,#0010 - Problème compte - jean.dubois@franceconsulting.fr,Message de Jean Dubois (jean.dubois@franceconsulting.fr) de France. Question technique à résoudre.,HIGH,4,,,2025-07-29T06:39:34.200Z,2025-10-27T06:39:37.480Z,2025-08-10T06:39:34.200Z,PHONE
264277203131,#0035 - Problème compte - erik.jensen@oslotech.no,Message de Erik Jensen (erik.jensen@oslotech.no) de Norvege. Question technique à résoudre.,MEDIUM,4,,,2025-09-15T06:40:09.791Z,2025-10-27T06:40:13.047Z,2025-09-18T06:40:09.791Z,FORM
264277203135,#0053 - Support Pakistan - Ali Khan,Demande de support de Ali Khan de Pakistan. Problème urgent à traiter.,HIGH,3,,,2025-03-27T07:40:34.657Z,2025-10-27T06:40:37.727Z,,FORM
264321103095,#0046 - Question facturation - john.smith@usatech.com,"Bonjour, je suis John Smith de USA. J'ai besoin d'assistance concernant mon compte.",LOW,4,,,2025-10-20T06:40:24.813Z,2025-10-27T06:40:28.689Z,2025-11-17T07:40:24.813Z,FORM
264342707390,#0039 - Question facturation - papa.diop@senegaltech.sn,Question de Papa Diop (papa.diop@senegaltech.sn) de Senegal. Renseignement demandé.,HIGH,2,,,2025-01-27T07:40:15.496Z,2025-10-27T06:40:19.466Z,,EMAIL
264342707395,#0054 - Question facturation - ahmed.alhajri@qatariconsulting.qa,"Bonjour, je suis Ahmed Al-Hajri de Qatar. J'ai besoin d'assistance concernant mon compte.",HIGH,4,,,2025-01-10T07:40:36Z,2025-10-27T06:40:39.773Z,2025-01-14T07:40:36Z,EMAIL
264344505585,#0052 - Question facturation - halima.omar@zanzibartourism.co.tz,Halima Omar de Zanzibar signale un problème avec le service. Assistance nécessaire.,MEDIUM,4,,,2025-09-17T06:40:33.196Z,2025-10-27T06:40:36.756Z,2025-09-26T06:40:33.196Z,PHONE
264348113128,#0004 - Support technique pour Kofi Annan,"Bonjour, je suis Kofi Annan de Ghana. J'ai besoin d'assistance concernant mon compte.",HIGH,3,,,2024-11-16T07:39:25.874Z,2025-10-27T06:39:28.886Z,,FORM
264348113134,#0032 - Demande de Dewi Paramita - Indonesie,Question de Dewi Paramita (dewi.paramita@indonesiaretail.co.id) de Indonesie. Renseignement demandé.,HIGH,3,,,2025-07-25T06:40:05.386Z,2025-10-27T06:40:08.692Z,,EMAIL
264348113136,#0040 - Demande de Amina Benali - Algerie,Amina Benali de Algerie signale un problème avec le service. Assistance nécessaire.,HIGH,4,,,2024-11-20T07:40:16.908Z,2025-10-27T06:40:20.256Z,2024-12-07T07:40:16.908Z,EMAIL
264348113143,#0063 - Support Indonesie - Agus Santoso,"Bonjour, je suis Agus Santoso de Indonesie. J'ai besoin d'assistance concernant mon compte.",HIGH,4,,,2025-04-18T07:40:48.317Z,2025-10-27T06:40:51.476Z,2025-04-30T06:40:48.317Z,FORM
264421865675,#0028 - Question facturation - pierre.martin@innovationsysteme.fr,Demande de support de Pierre Martin de France. Problème urgent à traiter.,HIGH,3,,,2025-10-04T06:39:59.810Z,2025-10-27T06:40:03.316Z,,EMAIL
264423662781,#0009 - Question de Pedro Oliveira sur le service,Pedro Oliveira de Bresil signale un problème avec le service. Assistance nécessaire.,HIGH,4,,,2025-04-17T07:39:32.782Z,2025-10-27T06:39:36.470Z,2025-05-13T06:39:32.782Z,PHONE
264429060287,#0072 - Support USA - Michael Johnson,Message de Michael Johnson (michael.johnson@nytech.com) de USA. Question technique à résoudre.,HIGH,2,,,2024-11-27T07:41:00.443Z,2025-10-27T06:41:04.217Z,,CHAT
264430859497,#0056 - Question de Adama Traore sur le service,Demande de support de Adama Traore de Senegal. Problème urgent à traiter.,HIGH,4,,,2025-05-03T06:40:38.680Z,2025-10-27T06:40:41.535Z,2025-06-02T06:40:38.680Z,FORM
264432658668,#0013 - Support Qatar - Fatima Al-Mansouri,"Bonjour, je suis Fatima Al-Mansouri de Qatar. J'ai besoin d'assistance concernant mon compte.",HIGH,4,,,2025-07-06T06:39:38.412Z,2025-10-27T06:39:41.850Z,2025-07-07T06:39:38.412Z,FORM
264432658671,#0024 - Question facturation - rachid.benali@algiersolutions.dz,Rachid Benali de Algerie signale un problème avec le service. Assistance nécessaire.,HIGH,4,,,2024-11-22T07:39:54.359Z,2025-10-27T06:39:57.650Z,2024-12-10T07:39:54.359Z,EMAIL
264434458831,#0014 - Question de Maria Oliveira sur le service,Maria Oliveira de Bresil signale un problème avec le service. Assistance nécessaire.,HIGH,3,,,2025-01-26T07:39:39.910Z,2025-10-27T06:39:43.009Z,,FORM
264434459883,#0045 - Incident signalé,Je suis Yousef Al-Remeithi (yousef.alremeithi@dubaitech.ae) - Tél: +971345678901 de UAE. Question technique à résoudre.,MEDIUM,4,,,2025-09-10T06:51:41.304Z,2025-10-27T06:51:44.627Z,2025-09-13T06:51:41.304Z,CHAT
264434459886,#0055 - Incident signalé,Je suis João Silva (joao.silva@brasiltech.com.br) - Tél: +551112345678 de Bresil. Question technique à résoudre.,HIGH,4,,,2025-10-22T06:51:54.518Z,2025-10-27T06:51:58.337Z,2025-11-14T07:51:54.518Z,CHAT
264434459887,#0058 - Incident signalé - Urgent,Je suis Jose Garcia (jose.garcia@guadalajaratech.com.mx) - Tél: +523456789012 de Mexique. Question technique à résoudre.,HIGH,4,,,2025-08-23T06:51:58.295Z,2025-10-27T06:52:02.090Z,2025-09-08T06:51:58.295Z,FORM
264436258038,#0066 - Support Algerie - Nadia Touati,"Bonjour, je suis Nadia Touati de Algerie. J'ai besoin d'assistance concernant mon compte.",HIGH,4,,,2025-06-20T06:40:52.299Z,2025-10-27T06:40:55.283Z,2025-07-01T06:40:52.299Z,EMAIL
264436261092,#0010 - Incident signalé,Je suis Jean Dubois (jean.dubois@franceconsulting.fr) - Tél: +33634567890 de France. Question technique à résoudre.,HIGH,2,,,2025-08-06T06:50:52.601Z,2025-10-27T06:50:56.051Z,,FORM
264436261094,#0018 - Assistance demandée - Bresil,Message de Bresil. Je suis Ana Costa (ana.costa@saopaulofinance.com.br) - Tél: +554567890123. Assistance nécessaire.,HIGH,1,,,2025-06-22T06:51:04.469Z,2025-10-27T06:51:09.186Z,,PHONE
264436261098,#0040 - Bug application - Algerie,Je suis Amina Benali (amina.benali@algeriahealth.dz) - Tél: +213234567890 de Algerie. Question technique à résoudre.,HIGH,4,,,2025-06-28T06:51:34.210Z,2025-10-27T06:51:37.817Z,2025-07-16T06:51:34.210Z,FORM
264436261104,#0054 - Question facturation - Qatar,Demande de support de Qatar. Je suis Ahmed Al-Hajri (ahmed.alhajri@qatariconsulting.qa) - Tél: +97434567890.,HIGH,4,,,2025-08-21T06:51:53.282Z,2025-10-27T06:51:57.060Z,2025-08-26T06:51:53.282Z,PHONE
264436261105,#0056 - Incident signalé - Urgent,Demande de support de Senegal. Je suis Adama Traore (adama.traore@senegaleducation.sn) - Tél: +221456789012.,LOW,4,,,2025-10-15T06:51:55.739Z,2025-10-27T06:51:59.166Z,2025-11-13T07:51:55.739Z,EMAIL
264436261106,#0057 - Demande renseignement - Urgent,Message de France. Je suis Marie Bernard (marie.bernard@digitalfuture.com) - Tél: +33623456789. Assistance nécessaire.,HIGH,4,,,2025-05-19T06:51:57.007Z,2025-10-27T06:52:00.600Z,2025-06-07T06:51:57.007Z,CHAT
264436261107,#0079 - Question facturation - USA,Je suis Jennifer Wilson (jennifer.wilson@americanfinance.com) - Tél: +13035556789 de USA. Question technique à résoudre.,HIGH,4,,,2025-07-06T06:52:26.210Z,2025-10-27T06:52:32.644Z,2025-08-01T06:52:26.210Z,PHONE
264438058214,#0020 - Demande de Mohammed Al-Saud - KSA,Question de Mohammed Al-Saud (mohammed.alsaud@ksatech.sa) de KSA. Renseignement demandé.,MEDIUM,4,,,2025-09-24T06:39:48.649Z,2025-10-27T06:39:52.434Z,2025-10-17T06:39:48.649Z,PHONE
264438058216,#0030 - Question facturation - hassanal.bolkiah@bruneitech.bn,Hassanal Bolkiah de Brunei signale un problème avec le service. Assistance nécessaire.,MEDIUM,1,,,2025-09-24T06:40:02.501Z,2025-10-27T06:40:05.542Z,,EMAIL
264438058224,#0061 - Support technique pour Ingrid Olsen,Message de Ingrid Olsen (ingrid.olsen@scandinaviafinance.no) de Norvege. Question technique à résoudre.,MEDIUM,4,,,2025-09-02T06:40:45.625Z,2025-10-27T06:40:49.616Z,2025-09-29T06:40:45.625Z,CHAT
264438058227,#0076 - Demande de Ricardo Martinez - Panama,Question de Ricardo Martinez (ricardo.martinez@panamacitytech.com.pa) de Panama. Renseignement demandé.,HIGH,2,,,2025-01-03T07:41:05.908Z,2025-10-27T06:41:09.481Z,,CHAT
264439859395,#0023 - Demande renseignement,Demande de support de Malaise. Je suis Ahmad Ibrahim (ahmad.ibrahim@malaysiatech.my) - Tél: +60312345678.,HIGH,4,,,2025-06-02T06:51:11.078Z,2025-10-27T06:51:15.405Z,2025-06-30T06:51:11.078Z,CHAT
264439859402,#0049 - Demande renseignement,Je suis Catalina Lopez (catalina.lopez@chiliretail.cl) - Tél: +56456789012 de Chili. Question technique à résoudre.,LOW,4,,,2025-10-13T06:51:46.771Z,2025-10-27T06:51:50.031Z,2025-10-18T06:51:46.771Z,CHAT
264441665759,#0064 - Question compte - Egypt,Je suis Fatma Hassan (fatma.hassan@egyptfinance.eg) - Tél: +202345678901 de Egypt. Question technique à résoudre.,MEDIUM,4,,,2025-09-26T06:52:06.269Z,2025-10-27T06:52:09.289Z,2025-10-23T06:52:06.269Z,CHAT
264443465914,#0016 - Problème technique - Urgent,Demande de support de Egypt. Je suis Nour El-Shabrawy (nour.elshabrawy@alexandriatech.eg) - Tél: +204567890123.,MEDIUM,4,,,2025-08-30T06:51:01.555Z,2025-10-27T06:51:05.759Z,2025-09-06T06:51:01.555Z,CHAT
264443465919,#0033 - Bug application - Algerie,Je suis Mohamed Djamel (mohamed.djamel@algeriatech.dz) - Tél: +213123456789 de Algerie. Question technique à résoudre.,HIGH,4,,,2025-06-21T06:51:24.610Z,2025-10-27T06:51:28.279Z,2025-07-04T06:51:24.610Z,PHONE
264467538129,#0071 - Demande de Jamal Ali - Zanzibar,Message de Jamal Ali (jamal.ali@stone-town.tech.co.tz) de Zanzibar. Question technique à résoudre.,HIGH,3,,,2025-06-12T06:40:59.039Z,2025-10-27T06:41:02.172Z,,CHAT
264469335263,#0050 - Problème compte - pablo.silva@chilitech.cl,Pablo Silva de Chili signale un problème avec le service. Assistance nécessaire.,MEDIUM,4,,,2025-09-11T06:40:30.296Z,2025-10-27T06:40:34.322Z,2025-10-06T06:40:30.296Z,EMAIL
264469335269,#0070 - Demande de Olivia Davis - UK,Demande de support de Olivia Davis de UK. Problème urgent à traiter.,HIGH,2,,,2025-07-15T06:40:57.727Z,2025-10-27T06:41:01.017Z,,FORM
264469336301,#0027 - Problème technique,"Bonjour, Je suis Hassan Mahmoud (hassan.mahmoud@cairofinance.eg) - Tél: +203456789012 de Egypt. J'ai besoin d'assistance concernant mon compte.",HIGH,1,,,2025-05-19T06:51:16.416Z,2025-10-27T06:51:20.800Z,,EMAIL
264469336307,#0052 - Bug application - Zanzibar,"Bonjour, Je suis Halima Omar (halima.omar@zanzibartourism.co.tz) - Tél: +255456789012 de Zanzibar. J'ai besoin d'assistance concernant mon compte.",HIGH,4,,,2025-06-03T06:51:50.771Z,2025-10-27T06:51:54.795Z,2025-06-29T06:51:50.771Z,EMAIL
264469336310,#0076 - Incident signalé,Message de Panama. Je suis Ricardo Martinez (ricardo.martinez@panamacitytech.com.pa) - Tél: +50734567890. Assistance nécessaire.,HIGH,4,,,2025-07-24T06:52:21.927Z,2025-10-27T06:52:25.935Z,2025-07-30T06:52:21.927Z,CHAT
264471137470,#0080 - Question facturation - siti.rahman@malaysiahealth.my,Demande de support de Siti Rahman de Malaise. Problème urgent à traiter.,HIGH,4,,,2025-07-18T06:41:11.454Z,2025-10-27T06:41:14.450Z,2025-08-11T06:41:11.454Z,FORM
264471138521,#0035 - Question facturation - Norvege,Message de Norvege. Je suis Erik Jensen (erik.jensen@oslotech.no) - Tél: +4734567890. Assistance nécessaire.,HIGH,4,,,2025-08-26T06:51:27.477Z,2025-10-27T06:51:30.851Z,2025-09-19T06:51:27.477Z,PHONE
264471138528,#0080 - Bug application - Malaise,Je suis Siti Rahman (siti.rahman@malaysiahealth.my) - Tél: +60323456789 de Malaise. Problème urgent à traiter.,HIGH,4,,,2025-05-31T06:52:27.484Z,2025-10-27T06:52:32.667Z,2025-06-07T06:52:27.484Z,PHONE
264472934625,#0007 - Support Pakistan - Ayesha Ahmed,Demande de support de Ayesha Ahmed de Pakistan. Problème urgent à traiter.,HIGH,4,,,2024-11-17T07:39:30.011Z,2025-10-27T06:39:32.906Z,2024-12-03T07:39:30.011Z,CHAT
264472934631,#0074 - Question facturation - fahad.alsudairi@riyadhtech.sa,Message de Fahad Al-Sudairi (fahad.alsudairi@riyadhtech.sa) de KSA. Question technique à résoudre.,HIGH,4,,,2024-11-28T07:41:03.179Z,2025-10-27T06:41:06.255Z,2024-12-21T07:41:03.179Z,EMAIL
264472934632,#0075 - Question facturation - elena.rodriguez@mexicocityfinance.com.mx,Question de Elena Rodriguez (elena.rodriguez@mexicocityfinance.com.mx) de Mexique. Renseignement demandé.,HIGH,4,,,2025-03-02T07:41:04.497Z,2025-10-27T06:41:07.548Z,2025-03-05T07:41:04.497Z,CHAT
264474735844,#0021 - Demande de Siti Ahmad - Malaise,Message de Siti Ahmad (siti.ahmad@malaysiaretail.my) de Malaise. Question technique à résoudre.,MEDIUM,4,,,2025-09-22T06:39:50.031Z,2025-10-27T06:39:53.434Z,2025-10-14T06:39:50.031Z,PHONE
264513922268,#0016 - Problème compte - nour.elshabrawy@alexandriatech.eg,Message de Nour El-Shabrawy (nour.elshabrawy@alexandriatech.eg) de Egypt. Question technique à résoudre.,HIGH,4,,,2024-12-01T07:39:42.735Z,2025-10-27T06:39:45.779Z,2024-12-14T07:39:42.735Z,PHONE
264513922270,#0034 - Problème compte - maria.gonzalez@mexicohealth.com.mx,"Bonjour, je suis Maria Gonzalez de Mexique. J'ai besoin d'assistance concernant mon compte.",HIGH,4,,,2025-07-23T06:40:08.285Z,2025-10-27T06:40:12.058Z,2025-07-29T06:40:08.285Z,EMAIL
264515721447,#0012 - Question de Sarah Bolkiah sur le service,Message de Sarah Bolkiah (sarah.bolkiah@bruneifinance.bn) de Brunei. Question technique à résoudre.,HIGH,4,,,2024-12-09T07:39:37.063Z,2025-10-27T06:39:40.532Z,2025-01-07T07:39:37.063Z,FORM
264515721451,#0031 - Demande de Abdul Aziz - Brunei,Abdul Aziz de Brunei signale un problème avec le service. Assistance nécessaire.,HIGH,4,,,2024-11-19T07:40:04.014Z,2025-10-27T06:40:06.589Z,2024-12-17T07:40:04.014Z,CHAT
264515723460,#0065 - Bug application - Panama,Demande de support de Panama. Je suis Juan Lopez (juan.lopez@panamatech.com.pa) - Tél: +50712345678.,HIGH,4,,,2025-07-23T06:52:07.654Z,2025-10-27T06:52:13.178Z,2025-07-29T06:52:07.654Z,PHONE
264515723464,#0077 - Question compte - UK,Message de UK. Je suis Thomas Brown (thomas.brown@ukmanufacturing.co.uk) - Tél: +443456789012. Assistance nécessaire.,HIGH,4,,,2025-08-12T06:52:23.348Z,2025-10-27T06:52:27.099Z,2025-08-23T06:52:23.348Z,EMAIL
264521122040,#0015 - Question compte - Panama,Je suis Isabel Garcia (isabel.garcia@panamafinance.com.pa) - Tél: +50745678901 de Panama. Question technique à résoudre.,HIGH,4,,,2025-06-24T06:51:00.056Z,2025-10-27T06:51:03.120Z,2025-07-09T06:51:00.056Z,CHAT
264521123002,#0024 - Question compte - Algerie,Je suis Rachid Benali (rachid.benali@algiersolutions.dz) - Tél: +213345678901 de Algerie. Question technique à résoudre.,HIGH,4,,,2025-07-21T06:51:12.487Z,2025-10-27T06:51:16.594Z,2025-08-05T06:51:12.487Z,CHAT
264521123005,#0050 - Bug application - Chili,"Bonjour, Je suis Pablo Silva (pablo.silva@chilitech.cl) - Tél: +56123456789 de Chili. J'ai besoin d'assistance concernant mon compte.",MEDIUM,3,,,2025-09-10T06:51:48.079Z,2025-10-27T06:51:52.360Z,,CHAT
264521123009,#0060 - Bug application - Qatar,Message de Qatar. Je suis Mohammed Al-Thani (mohammed.althani@gulftechnologies.qa) - Tél: +97412345678. Assistance nécessaire.,HIGH,4,,,2025-07-05T06:52:00.923Z,2025-10-27T06:52:04.595Z,2025-07-17T06:52:00.923Z,EMAIL
264522928321,#0001 - Assistance demandée par Zainab Ali,Demande de support de Zainab Ali de Pakistan. Problème urgent à traiter.,HIGH,3,,,2025-08-16T06:39:20.961Z,2025-10-27T06:39:24.794Z,,EMAIL
264522929369,#0002 - Question compte - Senegal,"Bonjour, Je suis Ibrahima Diallo (ibrahima.diallo@dakartech.sn) - Tél: +221345678901 de Senegal. J'ai besoin d'assistance concernant mon compte.",HIGH,4,,,2025-07-04T06:50:41.851Z,2025-10-27T06:50:44.963Z,2025-07-31T06:50:41.851Z,PHONE
264522929371,#0005 - Support - KSA,Je suis Khalid Al-Madani (khalid.almadani@saudifinance.sa) - Tél: +966234567890 de KSA. Question technique à résoudre.,HIGH,4,,,2025-08-02T06:50:45.853Z,2025-10-27T06:50:49.135Z,2025-08-04T06:50:45.853Z,PHONE
264522929372,#0007 - Assistance demandée - Pakistan,"Bonjour, Je suis Ayesha Ahmed (ayesha.ahmed@educationpakistan.pk) - Tél: +922345678901 de Pakistan. J'ai besoin d'assistance concernant mon compte.",HIGH,1,,,2025-09-22T06:50:48.571Z,2025-10-27T06:50:53.610Z,,FORM
264522929383,#0061 - Problème technique,Je suis Ingrid Olsen (ingrid.olsen@scandinaviafinance.no) - Tél: +4723456789 de Norvege. Problème urgent à traiter.,MEDIUM,4,,,2025-09-24T06:52:02.162Z,2025-10-27T06:52:06.006Z,2025-10-06T06:52:02.162Z,PHONE
264524734665,#0025 - Support Mexique - Carlos Rodriguez,Demande de support de Carlos Rodriguez de Mexique. Problème urgent à traiter.,HIGH,4,,,2024-12-08T07:39:55.671Z,2025-10-27T06:39:58.801Z,2025-01-04T07:39:55.671Z,FORM
264524734667,#0038 - Problème compte - marcelo.gonzalez@santiagotech.cl,Message de Marcelo Gonzalez (marcelo.gonzalez@santiagotech.cl) de Chili. Question technique à résoudre.,HIGH,4,,,2025-05-06T06:40:14.072Z,2025-10-27T06:40:17.245Z,2025-05-11T06:40:14.072Z,CHAT
264526533859,#0027 - Problème compte - hassan.mahmoud@cairofinance.eg,Demande de support de Hassan Mahmoud de Egypt. Problème urgent à traiter.,HIGH,4,,,2025-04-07T07:39:58.492Z,2025-10-27T06:40:02.255Z,2025-04-09T07:39:58.492Z,EMAIL
264526534899,#0012 - Demande renseignement - Urgent,Je suis Sarah Bolkiah (sarah.bolkiah@bruneifinance.bn) - Tél: +6732345678 de Brunei. Question technique à résoudre.,HIGH,2,,,2025-05-12T06:50:55.588Z,2025-10-27T06:50:59.806Z,,CHAT
264528334036,#0055 - Demande de João Silva - Bresil,Message de João Silva (joao.silva@brasiltech.com.br) de Bresil. Question technique à résoudre.,HIGH,4,,,2025-05-17T06:40:37.350Z,2025-10-27T06:40:40.773Z,2025-06-16T06:40:37.350Z,CHAT
264528335079,#0031 - Demande renseignement,Message de Brunei. Je suis Abdul Aziz (abdul.aziz@bruneienergy.bn) - Tél: +6733456789. Assistance nécessaire.,MEDIUM,4,,,2025-09-21T06:51:21.668Z,2025-10-27T06:51:26.823Z,2025-09-26T06:51:21.668Z,EMAIL
264528335084,#0051 - Question facturation - Zanzibar,Demande de support de Zanzibar. Je suis Ali Mohammed (ali.mohammed@zanzibartech.co.tz) - Tél: +255123456789.,HIGH,4,,,2025-05-26T06:51:49.506Z,2025-10-27T06:51:53.770Z,2025-05-29T06:51:49.506Z,EMAIL
264530135268,#0072 - Bug application - USA,Je suis Michael Johnson (michael.johnson@nytech.com) - Tél: +12125551234 de USA. Problème urgent à traiter.,LOW,2,,,2025-10-02T06:52:16.825Z,2025-10-27T06:52:21.393Z,,EMAIL
264629690566,#0004 - Question facturation - Ghana,Je suis Kofi Annan (kofi.annan@accratech.com.gh) - Tél: +233345678901 de Ghana. Problème urgent à traiter.,HIGH,4,,,2025-07-13T06:50:44.510Z,2025-10-27T06:50:47.903Z,2025-08-01T06:50:44.510Z,CHAT
264629690572,#0020 - Question compte - KSA,Je suis Mohammed Al-Saud (mohammed.alsaud@ksatech.sa) - Tél: +966123456789 de KSA. Question technique à résoudre.,HIGH,4,,,2025-06-17T06:51:07.221Z,2025-10-27T06:51:12.993Z,2025-07-09T06:51:07.221Z,FORM
264629690575,#0032 - Support - Indonesie,Je suis Dewi Paramita (dewi.paramita@indonesiaretail.co.id) - Tél: +624567890123 de Indonesie. Question technique à résoudre.,HIGH,3,,,2025-10-20T06:51:23.118Z,2025-10-27T06:51:26.693Z,,CHAT
264629690582,#0070 - Question compte - UK,Je suis Olivia Davis (olivia.davis@britishconsulting.co.uk) - Tél: +444567890123 de UK. Question technique à résoudre.,HIGH,4,,,2025-07-13T06:52:14.297Z,2025-10-27T06:52:17.572Z,2025-07-24T06:52:14.297Z,CHAT
264629690583,#0071 - Bug application - Zanzibar,"Bonjour, Je suis Jamal Ali (jamal.ali@stone-town.tech.co.tz) - Tél: +255345678901 de Zanzibar. J'ai besoin d'assistance concernant mon compte.",HIGH,4,,,2025-07-31T06:52:15.609Z,2025-10-27T06:52:18.529Z,2025-08-21T06:52:15.609Z,CHAT
